name,url
AAAI2014,https://dblp.org/db/conf/aaai/aaai2014.html
AAAI2015,https://dblp.org/db/conf/aaai/aaai2015.html
AAAI2016,https://dblp.org/db/conf/aaai/aaai2016.html
AAAI2017,https://dblp.org/db/conf/aaai/aaai2017.html
AAAI2018,https://dblp.org/db/conf/aaai/aaai2018.html
AAAI2019,https://dblp.org/db/conf/aaai/aaai2019.html
AAAI2020,https://dblp.org/db/conf/aaai/aaai2020.html
AAAI2021,https://dblp.org/db/conf/aaai/aaai2021.html
AAAI2022,https://dblp.org/db/conf/aaai/aaai2022.html
ACL2014,https://dblp.org/db/conf/acl/acl2014-1.html   
ACL2015,https://dblp.org/db/conf/acl/acl2015-1.html   
ACL2016,https://dblp.org/db/conf/acl/acl2016-1.html   
ACL2017,https://dblp.org/db/conf/acl/acl2017-1.html   
ACL2018,https://dblp.org/db/conf/acl/acl2018-1.html  
ACL2019,https://dblp.org/db/conf/acl/acl2019-1.html 
ACL2020,https://dblp.org/db/conf/acl/acl2020.html 
ACL2021,https://dblp.org/db/conf/acl/acl2021-1.html 
ACL2022,https://dblp.org/db/conf/acl/acl2022-1.html 
AISTATS2014,https://dblp.org/db/conf/aistats/aistats2014.html
AISTATS2015,https://dblp.org/db/conf/aistats/aistats2015.html
AISTATS2016,https://dblp.org/db/conf/aistats/aistats2016.html
AISTATS2017,https://dblp.org/db/conf/aistats/aistats2017.html
AISTATS2018,https://dblp.org/db/conf/aistats/aistats2018.html
AISTATS2019,https://dblp.org/db/conf/aistats/aistats2019.html
AISTATS2020,https://dblp.org/db/conf/aistats/aistats2020.html
AISTATS2021,https://dblp.org/db/conf/aistats/aistats2021.html
AISTATS2022,https://dblp.org/db/conf/aistats/aistats2022.html
CCS2014,https://dblp.org/db/conf/ccs/ccs2014.html
CCS2015,https://dblp.org/db/conf/ccs/ccs2015.html
CCS2016,https://dblp.org/db/conf/ccs/ccs2016.html
CCS2017,https://dblp.org/db/conf/ccs/ccs2017.html
CCS2018,https://dblp.org/db/conf/ccs/ccs2018.html
CCS2019,https://dblp.org/db/conf/ccs/ccs2019.html
CCS2020,https://dblp.org/db/conf/ccs/ccs2020.html
CCS2021,https://dblp.org/db/conf/ccs/ccs2021.html
CCS2022,https://dblp.org/db/conf/ccs/ccs2022.html
CIKM2014,https://dblp.org/db/conf/cikm/cikm2016.html
CIKM2015,https://dblp.org/db/conf/cikm/cikm2015.html
CIKM2016,https://dblp.org/db/conf/cikm/cikm2016.html
CIKM2017,https://dblp.org/db/conf/cikm/cikm2017.html
CIKM2018,https://dblp.org/db/conf/cikm/cikm2018.html
CIKM2019,https://dblp.org/db/conf/cikm/cikm2019.html
CIKM2020,https://dblp.org/db/conf/cikm/cikm2020.html
CIKM2021,https://dblp.org/db/conf/cikm/cikm2021.html
CIKM2022,https://dblp.org/db/conf/cikm/cikm2022.html
COLT2014,https://dblp.org/db/conf/colt/colt2014.html
COLT2015,https://dblp.org/db/conf/colt/colt2015.html
COLT2016,https://dblp.org/db/conf/colt/colt2016.html
COLT2017,https://dblp.org/db/conf/colt/colt2017.html
COLT2018,https://dblp.org/db/conf/colt/colt2018.html
COLT2019,https://dblp.org/db/conf/colt/colt2019.html
COLT2020,https://dblp.org/db/conf/colt/colt2020.html
COLT2021,https://dblp.org/db/conf/colt/colt2021.html
COLT2022,https://dblp.org/db/conf/colt/colt2022.html
CVPR2014,https://dblp.org/db/conf/cvpr/cvpr2014.html
CVPR2015,https://dblp.org/db/conf/cvpr/cvpr2015.html
CVPR2016,https://dblp.org/db/conf/cvpr/cvpr2016.html
CVPR2017,https://dblp.org/db/conf/cvpr/cvpr2017.html
CVPR2018,https://dblp.org/db/conf/cvpr/cvpr2018.html
CVPR2019,https://dblp.org/db/conf/cvpr/cvpr2019.html
CVPR2020,https://dblp.org/db/conf/cvpr/cvpr2020.html
CVPR2021,https://dblp.org/db/conf/cvpr/cvpr2021.html
CVPR2022,https://dblp.org/db/conf/cvpr/cvpr2022.html
ECCV2016,https://dblp.org/db/conf/eccv/eccv2016-1.html
ECCV2016,https://dblp.org/db/conf/eccv/eccv2016-2.html
ECCV2016,https://dblp.org/db/conf/eccv/eccv2016-3.html
ECCV2016,https://dblp.org/db/conf/eccv/eccv2016-4.html
ECCV2016,https://dblp.org/db/conf/eccv/eccv2016-5.html
ECCV2016,https://dblp.org/db/conf/eccv/eccv2016-6.html
ECCV2016,https://dblp.org/db/conf/eccv/eccv2016-7.html
ECCV2016,https://dblp.org/db/conf/eccv/eccv2016-8.html
ECCV2018,https://dblp.org/db/conf/eccv/eccv2018-1.html
ECCV2018,https://dblp.org/db/conf/eccv/eccv2018-2.html
ECCV2018,https://dblp.org/db/conf/eccv/eccv2018-3.html
ECCV2018,https://dblp.org/db/conf/eccv/eccv2018-4.html
ECCV2018,https://dblp.org/db/conf/eccv/eccv2018-5.html
ECCV2018,https://dblp.org/db/conf/eccv/eccv2018-6.html
ECCV2018,https://dblp.org/db/conf/eccv/eccv2018-7.html
ECCV2018,https://dblp.org/db/conf/eccv/eccv2018-8.html
ECCV2018,https://dblp.org/db/conf/eccv/eccv2018-9.html
ECCV2018,https://dblp.org/db/conf/eccv/eccv2018-10.html
ECCV2018,https://dblp.org/db/conf/eccv/eccv2018-11.html
ECCV2018,https://dblp.org/db/conf/eccv/eccv2018-12.html
ECCV2018,https://dblp.org/db/conf/eccv/eccv2018-13.html
ECCV2018,https://dblp.org/db/conf/eccv/eccv2018-14.html
ECCV2018,https://dblp.org/db/conf/eccv/eccv2018-15.html
ECCV2018,https://dblp.org/db/conf/eccv/eccv2018-16.html
ECCV2020,https://dblp.org/db/conf/eccv/eccv2020-1.html
ECCV2020,https://dblp.org/db/conf/eccv/eccv2020-2.html
ECCV2020,https://dblp.org/db/conf/eccv/eccv2020-3.html
ECCV2020,https://dblp.org/db/conf/eccv/eccv2020-4.html
ECCV2020,https://dblp.org/db/conf/eccv/eccv2020-5.html
ECCV2020,https://dblp.org/db/conf/eccv/eccv2020-6.html
ECCV2020,https://dblp.org/db/conf/eccv/eccv2020-7.html
ECCV2020,https://dblp.org/db/conf/eccv/eccv2020-8.html
ECCV2020,https://dblp.org/db/conf/eccv/eccv2020-9.html
ECCV2020,https://dblp.org/db/conf/eccv/eccv2020-10.html
ECCV2020,https://dblp.org/db/conf/eccv/eccv2020-11.html
ECCV2020,https://dblp.org/db/conf/eccv/eccv2020-12.html
ECCV2020,https://dblp.org/db/conf/eccv/eccv2020-13.html
ECCV2020,https://dblp.org/db/conf/eccv/eccv2020-14.html
ECCV2020,https://dblp.org/db/conf/eccv/eccv2020-15.html
ECCV2020,https://dblp.org/db/conf/eccv/eccv2020-16.html
ECCV2020,https://dblp.org/db/conf/eccv/eccv2020-17.html
ECCV2020,https://dblp.org/db/conf/eccv/eccv2020-18.html
ECCV2020,https://dblp.org/db/conf/eccv/eccv2020-19.html
ECCV2020,https://dblp.org/db/conf/eccv/eccv2020-20.html
ECCV2020,https://dblp.org/db/conf/eccv/eccv2020-21.html
ECCV2020,https://dblp.org/db/conf/eccv/eccv2020-22.html
ECCV2020,https://dblp.org/db/conf/eccv/eccv2020-23.html
ECCV2020,https://dblp.org/db/conf/eccv/eccv2020-24.html
ECCV2020,https://dblp.org/db/conf/eccv/eccv2020-25.html
ECCV2020,https://dblp.org/db/conf/eccv/eccv2020-26.html
ECCV2020,https://dblp.org/db/conf/eccv/eccv2020-27.html
ECCV2020,https://dblp.org/db/conf/eccv/eccv2020-28.html
ECCV2020,https://dblp.org/db/conf/eccv/eccv2020-29.html
ECCV2020,https://dblp.org/db/conf/eccv/eccv2020-30.html
ECCV2022,https://dblp.org/db/conf/eccv/eccv2022-1.html
ECCV2022,https://dblp.org/db/conf/eccv/eccv2022-2.html
ECCV2022,https://dblp.org/db/conf/eccv/eccv2022-3.html
ECCV2022,https://dblp.org/db/conf/eccv/eccv2022-4.html
ECCV2022,https://dblp.org/db/conf/eccv/eccv2022-5.html
ECCV2022,https://dblp.org/db/conf/eccv/eccv2022-6.html
ECCV2022,https://dblp.org/db/conf/eccv/eccv2022-7.html
ECCV2022,https://dblp.org/db/conf/eccv/eccv2022-8.html
ECCV2022,https://dblp.org/db/conf/eccv/eccv2022-9.html
ECCV2022,https://dblp.org/db/conf/eccv/eccv2022-10.html
ECCV2022,https://dblp.org/db/conf/eccv/eccv2022-11.html
ECCV2022,https://dblp.org/db/conf/eccv/eccv2022-12.html
ECCV2022,https://dblp.org/db/conf/eccv/eccv2022-13.html
ECCV2022,https://dblp.org/db/conf/eccv/eccv2022-14.html
ECCV2022,https://dblp.org/db/conf/eccv/eccv2022-15.html
ECCV2022,https://dblp.org/db/conf/eccv/eccv2022-16.html
ECCV2022,https://dblp.org/db/conf/eccv/eccv2022-17.html
ECCV2022,https://dblp.org/db/conf/eccv/eccv2022-18.html
ECCV2022,https://dblp.org/db/conf/eccv/eccv2022-19.html
ECCV2022,https://dblp.org/db/conf/eccv/eccv2022-20.html
ECCV2022,https://dblp.org/db/conf/eccv/eccv2022-21.html
ECCV2022,https://dblp.org/db/conf/eccv/eccv2022-22.html
ECCV2022,https://dblp.org/db/conf/eccv/eccv2022-23.html
ECCV2022,https://dblp.org/db/conf/eccv/eccv2022-24.html
ECCV2022,https://dblp.org/db/conf/eccv/eccv2022-25.html
ECCV2022,https://dblp.org/db/conf/eccv/eccv2022-26.html
ECCV2022,https://dblp.org/db/conf/eccv/eccv2022-27.html
ECCV2022,https://dblp.org/db/conf/eccv/eccv2022-28.html
ECCV2022,https://dblp.org/db/conf/eccv/eccv2022-29.html
ECCV2022,https://dblp.org/db/conf/eccv/eccv2022-30.html
ECCV2022,https://dblp.org/db/conf/eccv/eccv2022-31.html
ECCV2022,https://dblp.org/db/conf/eccv/eccv2022-32.html
ECCV2022,https://dblp.org/db/conf/eccv/eccv2022-33.html
ECCV2022,https://dblp.org/db/conf/eccv/eccv2022-34.html
ECCV2022,https://dblp.org/db/conf/eccv/eccv2022-35.html
ECCV2022,https://dblp.org/db/conf/eccv/eccv2022-36.html
ECCV2022,https://dblp.org/db/conf/eccv/eccv2022-37.html
ECCV2022,https://dblp.org/db/conf/eccv/eccv2022-38.html
ECCV2022,https://dblp.org/db/conf/eccv/eccv2022-39.html
EMNLP2014,https://dblp.org/db/conf/emnlp/emnlp2014.html
EMNLP2015,https://dblp.org/db/conf/emnlp/emnlp2015.html
EMNLP2016,https://dblp.org/db/conf/emnlp/emnlp2016.html
EMNLP2017,https://dblp.org/db/conf/emnlp/emnlp2017.html
EMNLP2018,https://dblp.org/db/conf/emnlp/emnlp2018.html
EMNLP2019,https://dblp.org/db/conf/emnlp/emnlp2019-1.html
EMNLP2020,https://dblp.org/db/conf/emnlp/emnlp2020-1.html
EMNLP2021,https://dblp.org/db/conf/emnlp/emnlp2021-1.html
EUROSP2014,https://dblp.org/db/conf/eurosp/eurosp2014.html
EUROSP2015,https://dblp.org/db/conf/eurosp/eurosp2015.html
EUROSP2016,https://dblp.org/db/conf/eurosp/eurosp2016.html
EUROSP2017,https://dblp.org/db/conf/eurosp/eurosp2017.html
EUROSP2018,https://dblp.org/db/conf/eurosp/eurosp2018.html
EUROSP2019,https://dblp.org/db/conf/eurosp/eurosp2019.html
EUROSP2020,https://dblp.org/db/conf/eurosp/eurosp2020.html
EUROSP2021,https://dblp.org/db/conf/eurosp/eurosp2021.html
EUROSP2022,https://dblp.org/db/conf/eurosp/eurosp2022.html
ICASSP2014,https://dblp.org/db/conf/icassp/icassp2014.html
ICASSP2015,https://dblp.org/db/conf/icassp/icassp2015.html
ICASSP2016,https://dblp.org/db/conf/icassp/icassp2016.html
ICASSP2017,https://dblp.org/db/conf/icassp/icassp2017.html
ICASSP2018,https://dblp.org/db/conf/icassp/icassp2018.html
ICASSP2019,https://dblp.org/db/conf/icassp/icassp2019.html
ICASSP2020,https://dblp.org/db/conf/icassp/icassp2020.html
ICASSP2021,https://dblp.org/db/conf/icassp/icassp2021.html
ICASSP2022,https://dblp.org/db/conf/icassp/icassp2022.html
ICCV2013,https://dblp.org/db/conf/iccv/iccv2013.html
ICCV2015,https://dblp.org/db/conf/iccv/iccv2015.html
ICCV2017,https://dblp.org/db/conf/iccv/iccv2017.html
ICCV2019,https://dblp.org/db/conf/iccv/iccv2019.html
ICCV2021,https://dblp.org/db/conf/iccv/iccv2021.html
ICDM2014,https://dblp.org/db/conf/icdm/icdm2014.html
ICDM2015,https://dblp.org/db/conf/icdm/icdm2015.html
ICDM2016,https://dblp.org/db/conf/icdm/icdm2016.html
ICDM2017,https://dblp.org/db/conf/icdm/icdm2017.html
ICDM2018,https://dblp.org/db/conf/icdm/icdm2018.html
ICDM2019,https://dblp.org/db/conf/icdm/icdm2019.html
ICDM2020,https://dblp.org/db/conf/icdm/icdm2020.html
ICDM2021,https://dblp.org/db/conf/icdm/icdm2021.html
ICDM2022,https://dblp.org/db/conf/icdm/icdm2022.html
ICLR2014,https://dblp.org/db/conf/iclr/iclr2014.html
ICLR2015,https://dblp.org/db/conf/iclr/iclr2015.html
ICLR2016,https://dblp.org/db/conf/iclr/iclr2016.html
ICLR2017,https://dblp.org/db/conf/iclr/iclr2017.html
ICLR2018,https://dblp.org/db/conf/iclr/iclr2018.html
ICLR2019,https://dblp.org/db/conf/iclr/iclr2019.html
ICLR2020,https://dblp.org/db/conf/iclr/iclr2020.html
ICLR2021,https://dblp.org/db/conf/iclr/iclr2021.html
ICLR2022,https://dblp.org/db/conf/iclr/iclr2022.html
ICML2014,https://dblp.org/db/conf/icml/icml2014.html
ICML2015,https://dblp.org/db/conf/icml/icml2015.html
ICML2016,https://dblp.org/db/conf/icml/icml2016.html
ICML2017,https://dblp.org/db/conf/icml/icml2017.html
ICML2018,https://dblp.org/db/conf/icml/icml2018.html
ICML2019,https://dblp.org/db/conf/icml/icml2019.html
ICML2020,https://dblp.org/db/conf/icml/icml2020.html
ICML2021,https://dblp.org/db/conf/icml/icml2021.html
ICML2022,https://dblp.org/db/conf/icml/icml2022.html
IJCAI2014,https://dblp.org/db/conf/ijcai/ijcai2014.html
IJCAI2015,https://dblp.org/db/conf/ijcai/ijcai2015.html
IJCAI2016,https://dblp.org/db/conf/ijcai/ijcai2016.html
IJCAI2017,https://dblp.org/db/conf/ijcai/ijcai2017.html
IJCAI2018,https://dblp.org/db/conf/ijcai/ijcai2018.html
IJCAI2019,https://dblp.org/db/conf/ijcai/ijcai2019.html
IJCAI2020,https://dblp.org/db/conf/ijcai/ijcai2020.html
IJCAI2021,https://dblp.org/db/conf/ijcai/ijcai2021.html
IJCAI2022,https://dblp.org/db/conf/ijcai/ijcai2022.html
JMLR2014,https://dblp.org/db/journals/jmlr/jmlr14.html
JMLR2015,https://dblp.org/db/journals/jmlr/jmlr15.html
JMLR2016,https://dblp.org/db/journals/jmlr/jmlr16.html
JMLR2017,https://dblp.org/db/journals/jmlr/jmlr17.html
JMLR2018,https://dblp.org/db/journals/jmlr/jmlr18.html
JMLR2019,https://dblp.org/db/journals/jmlr/jmlr19.html
JMLR2020,https://dblp.org/db/journals/jmlr/jmlr20.html
JMLR2021,https://dblp.org/db/journals/jmlr/jmlr21.html
JMLR2022,https://dblp.org/db/journals/jmlr/jmlr22.html
KDD2014,https://dblp.org/db/conf/kdd/kdd2014.html
KDD2015,https://dblp.org/db/conf/kdd/kdd2015.html
KDD2016,https://dblp.org/db/conf/kdd/kdd2016.html
KDD2017,https://dblp.org/db/conf/kdd/kdd2017.html
KDD2018,https://dblp.org/db/conf/kdd/kdd2018.html
KDD2019,https://dblp.org/db/conf/kdd/kdd2019.html
KDD2020,https://dblp.org/db/conf/kdd/kdd2020.html
KDD2021,https://dblp.org/db/conf/kdd/kdd2021.html
KDD2022,https://dblp.org/db/conf/kdd/kdd2022.html
MM2014,https://dblp.org/db/conf/mm/mm2014.html
MM2015,https://dblp.org/db/conf/mm/mm2015.html
MM2016,https://dblp.org/db/conf/mm/mm2016.html
MM2017,https://dblp.org/db/conf/mm/mm2017.html
MM2018,https://dblp.org/db/conf/mm/mm2018.html
MM2019,https://dblp.org/db/conf/mm/mm2019.html
MM2020,https://dblp.org/db/conf/mm/mm2020.html
MM2021,https://dblp.org/db/conf/mm/mm2021.html
MM2022,https://dblp.org/db/conf/mm/mm2022.html
NDSS2014,https://dblp.org/db/conf/ndss/ndss2014.html
NDSS2015,https://dblp.org/db/conf/ndss/ndss2015.html
NDSS2016,https://dblp.org/db/conf/ndss/ndss2016.html
NDSS2017,https://dblp.org/db/conf/ndss/ndss2017.html
NDSS2018,https://dblp.org/db/conf/ndss/ndss2018.html
NDSS2019,https://dblp.org/db/conf/ndss/ndss2019.html
NDSS2020,https://dblp.org/db/conf/ndss/ndss2020.html
NDSS2021,https://dblp.org/db/conf/ndss/ndss2021.html
NIPS2014,https://dblp.org/db/conf/nips/nips2014.html
NIPS2015,https://dblp.org/db/conf/nips/nips2015.html
NIPS2016,https://dblp.org/db/conf/nips/nips2016.html
NIPS2017,https://dblp.org/db/conf/nips/nips2017.html
NIPS2018,https://dblp.org/db/conf/nips/nips2018.html
NIPS2019,https://dblp.org/db/conf/nips/nips2019.html
NIPS2020,https://dblp.org/db/conf/nips/neurips2020.html 
NIPS2021,https://dblp.org/db/conf/nips/neurips2021.html 
TDSC2014,https://dblp.org/db/journals/tdsc/tdsc11.html
TDSC2015,https://dblp.org/db/journals/tdsc/tdsc12.html
TDSC2016,https://dblp.org/db/journals/tdsc/tdsc13.html
TDSC2017,https://dblp.org/db/journals/tdsc/tdsc14.html
TDSC2018,https://dblp.org/db/journals/tdsc/tdsc15.html
TDSC2019,https://dblp.org/db/journals/tdsc/tdsc16.html
TDSC2020,https://dblp.org/db/journals/tdsc/tdsc17.html
TDSC2021,https://dblp.org/db/journals/tdsc/tdsc18.html
TDSC2022,https://dblp.org/db/journals/tdsc/tdsc19.html
TIFS2014,https://dblp.org/db/journals/tifs/tifs9.html
TIFS2015,https://dblp.org/db/journals/tifs/tifs10.html
TIFS2016,https://dblp.org/db/journals/tifs/tifs11.html
TIFS2017,https://dblp.org/db/journals/tifs/tifs12.html
TIFS2018,https://dblp.org/db/journals/tifs/tifs13.html
TIFS2019,https://dblp.org/db/journals/tifs/tifs14.html
TIFS2020,https://dblp.org/db/journals/tifs/tifs15.html
TIFS2021,https://dblp.org/db/journals/tifs/tifs16.html
TIFS2022,https://dblp.org/db/journals/tifs/tifs17.html
TIP2014,https://dblp.org/db/journals/tip/tip23.html
TIP2015,https://dblp.org/db/journals/tip/tip24.html
TIP2016,https://dblp.org/db/journals/tip/tip25.html
TIP2017,https://dblp.org/db/journals/tip/tip26.html
TIP2018,https://dblp.org/db/journals/tip/tip27.html
TIP2019,https://dblp.org/db/journals/tip/tip28.html
TIP2020,https://dblp.org/db/journals/tip/tip29.html
TIP2021,https://dblp.org/db/journals/tip/tip30.html
TIP2022,https://dblp.org/db/journals/tip/tip31.html
TPAMI2014,https://dblp.org/db/journals/pami/pami36.html
TPAMI2015,https://dblp.org/db/journals/pami/pami37.html
TPAMI2016,https://dblp.org/db/journals/pami/pami38.html
TPAMI2017,https://dblp.org/db/journals/pami/pami39.html
TPAMI2018,https://dblp.org/db/journals/pami/pami40.html
TPAMI2019,https://dblp.org/db/journals/pami/pami41.html
TPAMI2020,https://dblp.org/db/journals/pami/pami42.html
TPAMI2021,https://dblp.org/db/journals/pami/pami43.html
TPAMI2022,https://dblp.org/db/journals/pami/pami44.html
USS2014,https://dblp.org/db/conf/uss/uss2014.html
USS2015,https://dblp.org/db/conf/uss/uss2015.html
USS2016,https://dblp.org/db/conf/uss/uss2016.html
USS2017,https://dblp.org/db/conf/uss/uss2017.html
USS2018,https://dblp.org/db/conf/uss/uss2018.html
USS2019,https://dblp.org/db/conf/uss/uss2019.html
USS2020,https://dblp.org/db/conf/uss/uss2020.html
USS2021,https://dblp.org/db/conf/uss/uss2021.html
USS2022,https://dblp.org/db/conf/uss/uss2022.html
WSDM2014,https://dblp.org/db/conf/wsdm/wsdm2014.html
WSDM2015,https://dblp.org/db/conf/wsdm/wsdm2015.html
WSDM2016,https://dblp.org/db/conf/wsdm/wsdm2016.html
WSDM2017,https://dblp.org/db/conf/wsdm/wsdm2017.html
WSDM2018,https://dblp.org/db/conf/wsdm/wsdm2018.html
WSDM2019,https://dblp.org/db/conf/wsdm/wsdm2019.html
WSDM2020,https://dblp.org/db/conf/wsdm/wsdm2020.html
WSDM2021,https://dblp.org/db/conf/wsdm/wsdm2021.html
WSDM2022,https://dblp.org/db/conf/wsdm/wsdm2022.html
WWW2014,https://dblp.org/db/conf/www/www2014.html
WWW2015,https://dblp.org/db/conf/www/www2015.html
WWW2016,https://dblp.org/db/conf/www/www2016.html
WWW2017,https://dblp.org/db/conf/www/www2017.html
WWW2018,https://dblp.org/db/conf/www/www2018.html
WWW2019,https://dblp.org/db/conf/www/www2019.html
WWW2020,https://dblp.org/db/conf/www/www2020.html
WWW2021,https://dblp.org/db/conf/www/www2021.html
WWW2022,https://dblp.org/db/conf/www/www2022.html
